<?xml version="1.0" encoding="UTF-8" ?>  
<!DOCTYPE tiles-definitions PUBLIC  
       "-//Apache Software Foundation//DTD Tiles Configuration 3.0//EN"  
       "http://tiles.apache.org/dtds/tiles-config_3_0.dtd">  
        
<tiles-definitions>  
 
    <!-- Base Define -->
    <definition name="base.definition" 
        template="/WEB-INF/layouts/classic.jsp">  
        <put-attribute name="title" value="" />  
        <put-attribute name="header" value="/WEB-INF/basefragments/_header.jsp" />  
        <put-attribute name="body" value="" />  
        <put-attribute name="footer" value="/WEB-INF/basefragments/_footer.jsp" />  
    </definition>  
    
 
    <!-- Home Page  -->
    <definition name="welcome" extends="base.definition">  
        <put-attribute name="title" value="Welcome" />  
        <put-attribute name="body" value="/WEB-INF/bodyfragments/_welcome.jsp" />  
    </definition> 
    
    <definition name="home" extends="base.definition">  
        <put-attribute name="title" value="Home" />  
        <put-attribute name="body" value="/WEB-INF/bodyfragments/_home.jsp" />  
    </definition>  
   
    <definition name="us-login" extends="base.definition">  
        <put-attribute name="title" value="User Login" />  
        <put-attribute name="body" value="/WEB-INF/bodyfragments/_login.jsp" />  
    </definition> 
    
    <definition name="ad-login" extends="base.definition">  
        <put-attribute name="title" value="Admin Login" />  
        <put-attribute name="body" value="/WEB-INF/bodyfragments/_loginAdmin.jsp" />  
    </definition> 
    
    <definition name="us-signUp" extends="base.definition">  
        <put-attribute name="title" value="User Registration" />  
        <put-attribute name="body" value="/WEB-INF/bodyfragments/_userRegister.jsp" />  
    </definition> 
    
     <definition name="ad-signUp" extends="base.definition">  
        <put-attribute name="title" value="Admin Registration" />  
        <put-attribute name="body" value="/WEB-INF/bodyfragments/_adminRegister.jsp" />  
    </definition> 

	 <definition name="adminList" extends="base.definition">  
        <put-attribute name="title" value="Admin List" />  
        <put-attribute name="body" value="/WEB-INF/bodyfragments/_adminList.jsp" />  
    </definition>
    
    <definition name="admin" extends="base.definition">  
        <put-attribute name="title" value="Admin" />  
        <put-attribute name="body" value="/WEB-INF/bodyfragments/_admin.jsp" />  
    </definition>
    
     <definition name="skillList" extends="base.definition">  
        <put-attribute name="title" value="SkillSet List" />  
        <put-attribute name="body" value="/WEB-INF/bodyfragments/_skillList.jsp" />  
    </definition>
    
    <definition name="skill" extends="base.definition">  
        <put-attribute name="title" value="Add SkillSet" />  
        <put-attribute name="body" value="/WEB-INF/bodyfragments/_skill.jsp" />  
    </definition>
    
      <definition name="sessionList" extends="base.definition">  
        <put-attribute name="title" value="Session List" />  
        <put-attribute name="body" value="/WEB-INF/bodyfragments/_sessionList.jsp" />  
    </definition>
    
    
      <definition name="sessionUserList" extends="base.definition">  
        <put-attribute name="title" value="Session User List" />  
        <put-attribute name="body" value="/WEB-INF/bodyfragments/_sessionUserList.jsp" />  
    </definition>
    
    <definition name="session" extends="base.definition">  
        <put-attribute name="title" value="Add Session" />  
        <put-attribute name="body" value="/WEB-INF/bodyfragments/_session.jsp" />  
    </definition>
    
    <definition name="sessionDetail" extends="base.definition">  
        <put-attribute name="title" value="Session Detial" />  
        <put-attribute name="body" value="/WEB-INF/bodyfragments/_sessionDetail.jsp" />  
    </definition>
    
    
      <definition name="trainerList" extends="base.definition">  
        <put-attribute name="title" value="Trainer List" />  
        <put-attribute name="body" value="/WEB-INF/bodyfragments/_trainerList.jsp" />  
    </definition>
    
    <definition name="trainer" extends="base.definition">  
        <put-attribute name="title" value="Add Trainer" />  
        <put-attribute name="body" value="/WEB-INF/bodyfragments/_trainer.jsp" />  
    </definition>
        

     <definition name="myprofile" extends="base.definition">  
        <put-attribute name="title" value="My Profile" />  
        <put-attribute name="body" value="/WEB-INF/bodyfragments/_myProfile.jsp" />  
    </definition>
    
     <definition name="forgetPassword" extends="base.definition">  
        <put-attribute name="title" value="Forget Password" />  
        <put-attribute name="body" value="/WEB-INF/bodyfragments/_forgetPassword.jsp" />  
    </definition>
    
      <definition name="adminforgetPassword" extends="base.definition">  
        <put-attribute name="title" value="Admin Forget Password" />  
        <put-attribute name="body" value="/WEB-INF/bodyfragments/_adminforgetPassword.jsp" />  
    </definition>

     <definition name="changePassword" extends="base.definition">  
        <put-attribute name="title" value="Change Password" />  
        <put-attribute name="body" value="/WEB-INF/bodyfragments/_changePassword.jsp" />  
    </definition>
    
       <definition name="adminChangePassword" extends="base.definition">  
        <put-attribute name="title" value="Change Password" />  
        <put-attribute name="body" value="/WEB-INF/bodyfragments/_adminChangePassword.jsp" />  
    </definition>
    
     <definition name="enrollList" extends="base.definition">  
        <put-attribute name="title" value="Enrolls" />  
        <put-attribute name="body" value="/WEB-INF/bodyfragments/_enrollList.jsp" />  
    </definition>
    
      <definition name="enroll" extends="base.definition">  
        <put-attribute name="title" value="Enroll" />  
        <put-attribute name="body" value="/WEB-INF/bodyfragments/_enroll.jsp" />  
    </definition>
    
    <definition name="attendance" extends="base.definition">  
        <put-attribute name="title" value="Mark Attendance" />  
        <put-attribute name="body" value="/WEB-INF/bodyfragments/_attendanceSession.jsp" />  
    </definition>
    
    <definition name="attendanceUserList" extends="base.definition">  
        <put-attribute name="title" value="Matk Attendace" />  
        <put-attribute name="body" value="/WEB-INF/bodyfragments/_attendanceUserList.jsp" />  
    </definition>
    
      <definition name="attendanceSessionList" extends="base.definition">  
        <put-attribute name="title" value="Matk Attendace" />  
        <put-attribute name="body" value="/WEB-INF/bodyfragments/_attendanceSessionList.jsp" />  
    </definition>
    
    <definition name="sessionReportList" extends="base.definition">  
        <put-attribute name="title" value="Report" />  
        <put-attribute name="body" value="/WEB-INF/bodyfragments/_sessionReportList.jsp" />  
    </definition>
    
      <definition name="userAttendSessionList" extends="base.definition">  
        <put-attribute name="title" value="Attend Session Report" />  
        <put-attribute name="body" value="/WEB-INF/bodyfragments/_userAttendSessionList.jsp" />  
    </definition>
    
    <definition name="userFeedBack" extends="base.definition">  
        <put-attribute name="title" value="User FeedBack" />  
        <put-attribute name="body" value="/WEB-INF/bodyfragments/_userFeedBack.jsp" />  
    </definition>
    
    <definition name="userFeedBackList" extends="base.definition">  
        <put-attribute name="title" value="User FeedBack Report" />  
        <put-attribute name="body" value="/WEB-INF/bodyfragments/_userFeedBackList.jsp" />  
    </definition>
    
        <definition name="sessionFeedBackList" extends="base.definition">  
        <put-attribute name="title" value="Session FeedBack List" />  
        <put-attribute name="body" value="/WEB-INF/bodyfragments/_sessionFeedBackList.jsp" />  
    </definition>
   
</tiles-definitions> 