<?xml version="1.0" encoding="UTF-8" ?>  
<!DOCTYPE tiles-definitions PUBLIC  
       "-//Apache Software Foundation//DTD Tiles Configuration 3.0//EN"  
       "http://tiles.apache.org/dtds/tiles-config_3_0.dtd">  
        
<tiles-definitions>  
 
    <!-- Base Define -->
    <definition name="base.definition" 
        template="/WEB-INF/layouts/classic.jsp">  
        <put-attribute name="title" value="" />  
        <put-attribute name="header" value="/WEB-INF/basefragments/_header.jsp" />  
        <put-attribute name="body" value="" />  
        <put-attribute name="footer" value="/WEB-INF/basefragments/_footer.jsp" />  
    </definition>  
    
 
    <!-- Home Page  -->
    <definition name="welcome" extends="base.definition">  
        <put-attribute name="title" value="Welcome" />  
        <put-attribute name="body" value="/WEB-INF/bodyfragments/_home.jsp" />  
    </definition>  
   
    <definition name="us-login" extends="base.definition">  
        <put-attribute name="title" value="User Login" />  
        <put-attribute name="body" value="/WEB-INF/bodyfragments/_login.jsp" />  
    </definition> 
    
    <definition name="ad-login" extends="base.definition">  
        <put-attribute name="title" value="Admin Login" />  
        <put-attribute name="body" value="/WEB-INF/bodyfragments/_loginAdmin.jsp" />  
    </definition> 
    
    <definition name="us-signUp" extends="base.definition">  
        <put-attribute name="title" value="User Registration" />  
        <put-attribute name="body" value="/WEB-INF/bodyfragments/_userRegister.jsp" />  
    </definition> 
    
     <definition name="ad-signUp" extends="base.definition">  
        <put-attribute name="title" value="Admin Registration" />  
        <put-attribute name="body" value="/WEB-INF/bodyfragments/_adminRegister.jsp" />  
    </definition> 

	 <definition name="adminList" extends="base.definition">  
        <put-attribute name="title" value="Admin List" />  
        <put-attribute name="body" value="/WEB-INF/bodyfragments/_adminList.jsp" />  
    </definition>
        

     <definition name="myprofile" extends="base.definition">  
        <put-attribute name="title" value="My Profile" />  
        <put-attribute name="body" value="/WEB-INF/bodyfragments/_myProfile.jsp" />  
    </definition>
    
     <definition name="forgetPassword" extends="base.definition">  
        <put-attribute name="title" value="Forget Password" />  
        <put-attribute name="body" value="/WEB-INF/bodyfragments/_forgetPassword.jsp" />  
    </definition>

     <definition name="changePassword" extends="base.definition">  
        <put-attribute name="title" value="Change Password" />  
        <put-attribute name="body" value="/WEB-INF/bodyfragments/_changePassword.jsp" />  
    </definition>
    
   
</tiles-definitions> 